week_start_date,step,phase,rho_cash,w_ret,w_vol,w_cvar,w_mdd,log_prob,entropy,weekly_return,meta_loss,rho_clipped
2015-07-06T00:00:00.000000000,0,train,0.0500,1.0000,0.0000,0.0000,0.0000,0.000000,0.000000,0.000000,0.000000,0
2015-07-13T00:00:00.000000000,5,train,0.0500,1.0000,0.0000,0.0000,0.0000,0.000000,0.000000,0.012930,0.000000,0
2015-07-20T00:00:00.000000000,10,train,0.0500,1.0000,0.0000,0.0000,0.0000,0.000000,0.000000,0.008031,0.000000,0
2015-07-27T00:00:00.000000000,15,train,0.0500,1.0000,0.0000,0.0000,0.0000,0.000000,0.000000,-0.011825,0.000000,0
2015-08-03T00:00:00.000000000,20,train,0.0500,1.0000,0.0000,0.0000,0.0000,0.000000,0.000000,-0.018778,0.000000,0
2015-08-10T00:00:00.000000000,25,train,0.0500,1.0000,0.0000,0.0000,0.0000,0.000000,0.000000,0.060251,0.000000,0
2015-08-17T00:00:00.000000000,30,train,0.0500,1.0000,0.0000,0.0000,0.0000,0.000000,0.000000,-0.048855,0.000000,0
2015-08-24T00:00:00.000000000,35,train,0.0500,1.0000,0.0000,0.0000,0.0000,0.000000,0.000000,0.011088,0.000000,0
2015-08-31T00:00:00.000000000,40,train,0.0500,1.0000,0.0000,0.0000,0.0000,0.000000,0.000000,-0.027923,0.000000,0
2015-09-07T00:00:00.000000000,45,train,0.0500,1.0000,0.0000,0.0000,0.0000,0.000000,0.000000,-0.061830,0.000000,0
2015-09-14T00:00:00.000000000,50,train,0.0500,1.0000,0.0000,0.0000,0.0000,0.000000,0.000000,0.032904,0.000000,0
2015-09-21T00:00:00.000000000,54,train,0.0500,1.0000,0.0000,0.0000,0.0000,0.000000,0.000000,0.017591,0.000000,0
2015-09-28T00:00:00.000000000,58,train,0.0500,1.0000,0.0000,0.0000,0.0000,0.000000,0.000000,-0.021418,0.000000,0
2015-10-05T00:00:00.000000000,62,train,0.0500,1.0000,0.0000,0.0000,0.0000,0.000000,0.000000,-0.003301,0.000000,0
2015-10-12T00:00:00.000000000,67,train,0.0500,1.0000,0.0000,0.0000,0.0000,0.000000,0.000000,0.030071,0.000000,0
2015-10-19T00:00:00.000000000,72,train,0.0500,1.0000,0.0000,0.0000,0.0000,0.000000,0.000000,0.021448,0.000000,0
2015-10-26T00:00:00.000000000,76,train,0.0500,1.0000,0.0000,0.0000,0.0000,0.000000,0.000000,-0.005988,0.000000,0
2015-11-02T00:00:00.000000000,81,train,0.0500,1.0000,0.0000,0.0000,0.0000,0.000000,0.000000,-0.034750,0.000000,0
2015-11-09T00:00:00.000000000,86,train,0.0500,1.0000,0.0000,0.0000,0.0000,0.000000,0.000000,-0.013676,0.000000,0
2015-11-16T00:00:00.000000000,89,train,0.0500,1.0000,0.0000,0.0000,0.0000,0.000000,0.000000,-0.001382,0.000000,0
2015-11-23T00:00:00.000000000,94,train,0.0500,1.0000,0.0000,0.0000,0.0000,0.000000,0.000000,0.027012,0.000000,0
2015-11-30T00:00:00.000000000,98,train,0.0500,1.0000,0.0000,0.0000,0.0000,0.000000,0.000000,0.007395,0.000000,0
2015-12-07T00:00:00.000000000,103,train,0.0500,1.0000,0.0000,0.0000,0.0000,0.000000,0.000000,-0.004518,0.000000,0
2015-12-14T00:00:00.000000000,108,train,0.0500,1.0000,0.0000,0.0000,0.0000,0.000000,0.000000,-0.019412,0.000000,0
2015-12-21T00:00:00.000000000,113,train,0.0500,1.0000,0.0000,0.0000,0.0000,0.000000,0.000000,0.012409,0.000000,0
2015-12-28T00:00:00.000000000,117,train,0.0500,1.0000,0.0000,0.0000,0.0000,0.000000,0.000000,0.003534,0.000000,0
2016-01-04T00:00:00.000000000,122,train,0.0500,1.0000,0.0000,0.0000,0.0000,0.000000,0.000000,0.013143,0.000000,0
2016-01-11T00:00:00.000000000,127,train,0.0500,1.0000,0.0000,0.0000,0.0000,0.000000,0.000000,-0.039512,0.000000,0
2016-01-18T00:00:00.000000000,132,train,0.0500,1.0000,0.0000,0.0000,0.0000,0.000000,0.000000,-0.024327,0.000000,0
2016-01-25T00:00:00.000000000,137,train,0.0500,1.0000,0.0000,0.0000,0.0000,0.000000,0.000000,-0.031689,0.000000,0
2016-02-01T00:00:00.000000000,141,train,0.0500,1.0000,0.0000,0.0000,0.0000,0.000000,0.000000,0.013215,0.000000,0
2016-02-08T00:00:00.000000000,146,train,0.0500,1.0000,0.0000,0.0000,0.0000,0.000000,0.000000,-0.021602,0.000000,0
2016-02-15T00:00:00.000000000,151,train,0.0500,1.0000,0.0000,0.0000,0.0000,0.000000,0.000000,-0.056881,0.000000,0
2016-02-22T00:00:00.000000000,156,train,0.0500,1.0000,0.0000,0.0000,0.0000,0.000000,0.000000,0.023850,0.000000,0
2016-02-29T00:00:00.000000000,161,train,0.0500,1.0000,0.0000,0.0000,0.0000,0.000000,0.000000,-0.016681,0.000000,0
2016-03-08T00:00:00.000000000,166,train,0.0500,1.0000,0.0000,0.0000,0.0000,0.000000,0.000000,0.032606,0.000000,0
2016-03-14T00:00:00.000000000,170,train,0.0500,1.0000,0.0000,0.0000,0.0000,0.000000,0.000000,0.009921,0.000000,0
2016-03-21T00:00:00.000000000,175,train,0.0500,1.0000,0.0000,0.0000,0.0000,0.000000,0.000000,-0.015387,0.000000,0
2016-03-28T00:00:00.000000000,178,train,0.0500,1.0000,0.0000,0.0000,0.0000,0.000000,0.000000,0.014008,0.000000,0
2016-04-04T00:00:00.000000000,183,train,0.0500,1.0000,0.0000,0.0000,0.0000,0.000000,0.000000,0.007832,0.000000,0
2016-04-11T00:00:00.000000000,188,train,0.0500,1.0000,0.0000,0.0000,0.0000,0.000000,0.000000,0.011258,0.000000,0
2016-04-18T00:00:00.000000000,191,train,0.0500,1.0000,0.0000,0.0000,0.0000,0.000000,0.000000,0.030760,0.000000,0
2016-04-25T00:00:00.000000000,195,train,0.0500,1.0000,0.0000,0.0000,0.0000,0.000000,0.000000,0.006971,0.000000,0
2016-05-02T00:00:00.000000000,200,train,0.0500,1.0000,0.0000,0.0000,0.0000,0.000000,0.000000,-0.020859,0.000000,0
2016-05-09T00:00:00.000000000,205,train,0.0500,1.0000,0.0000,0.0000,0.0000,0.000000,0.000000,-0.039755,0.000000,0
2016-05-16T00:00:00.000000000,210,train,0.0500,1.0000,0.0000,0.0000,0.0000,0.000000,0.000000,0.017579,0.000000,0
2016-05-23T00:00:00.000000000,215,train,0.0500,1.0000,0.0000,0.0000,0.0000,0.000000,0.000000,-0.019633,0.000000,0
2016-05-30T00:00:00.000000000,220,train,0.0500,1.0000,0.0000,0.0000,0.0000,0.000000,0.000000,0.022754,0.000000,0
2016-06-06T00:00:00.000000000,225,train,0.0500,1.0000,0.0000,0.0000,0.0000,0.000000,0.000000,0.028214,0.000000,0
2016-06-13T00:00:00.000000000,230,train,0.0500,1.0000,0.0000,0.0000,0.0000,0.000000,0.000000,-0.008641,0.000000,0
2016-06-20T00:00:00.000000000,235,train,0.0500,1.0000,0.0000,0.0000,0.0000,0.000000,0.000000,-0.012472,0.000000,0
2016-06-27T00:00:00.000000000,240,train,0.0500,1.0000,0.0000,0.0000,0.0000,0.000000,0.000000,-0.017140,0.000000,0
2016-07-04T00:00:00.000000000,245,train,0.0500,1.0000,0.0000,0.0000,0.0000,0.000000,0.000000,0.053655,0.000000,0
2016-07-11T00:00:00.000000000,249,train,0.0500,1.0000,0.0000,0.0000,0.0000,0.000000,0.000000,0.005444,0.000000,0
2016-07-18T00:00:00.000000000,254,train,0.0622,0.9256,0.0231,0.0317,0.0196,1.215805,0.578213,0.011871,0.000000,0
2016-07-25T00:00:00.000000000,259,train,0.0751,0.8462,0.0820,0.0379,0.0339,0.194471,0.582582,-0.011111,-0.000578,0
2016-08-01T00:00:00.000000000,264,train,0.0890,0.7915,0.0714,0.0728,0.0643,1.045652,0.579387,0.041675,-0.010847,0
2016-08-08T00:00:00.000000000,269,train,0.1036,0.6703,0.0903,0.1317,0.1077,-0.322391,0.576424,0.002480,-0.012328,0
2016-08-16T00:00:00.000000000,274,train,0.1111,0.6166,0.1833,0.1061,0.0941,1.218591,0.573528,0.003457,0.003286,0
2016-08-22T00:00:00.000000000,278,train,0.1341,0.5131,0.1978,0.1720,0.1171,-4.492113,0.570349,0.014521,-0.029361,0
2016-08-29T00:00:00.000000000,283,train,0.1266,0.4682,0.1835,0.2435,0.1048,0.109141,0.567482,-0.002328,0.019008,0
2016-09-06T00:00:00.000000000,288,train,0.1474,0.4132,0.1531,0.1966,0.2371,-0.058668,0.564534,0.007026,-0.002192,0
2016-09-12T00:00:00.000000000,292,train,0.1438,0.3704,0.3304,0.1566,0.1426,-0.097895,0.561297,0.017159,0.000980,0
2016-09-19T00:00:00.000000000,296,train,0.1521,0.2987,0.3485,0.1757,0.1770,0.058631,0.559370,-0.024135,-0.002887,0
2016-09-26T00:00:00.000000000,301,train,0.1751,0.3042,0.2596,0.1812,0.2550,0.909061,0.557396,0.002795,-0.001140,0
2016-10-03T00:00:00.000000000,306,train,0.1550,0.2561,0.2895,0.2346,0.2198,0.160803,0.556903,-0.035828,0.034885,0
2016-10-10T00:00:00.000000000,311,train,0.1835,0.2878,0.1849,0.2652,0.2621,0.017203,0.555238,0.044613,-0.011159,0
2016-10-17T00:00:00.000000000,314,train,0.1885,0.3009,0.3530,0.2613,0.0847,-5.021633,0.554041,-0.013990,-0.000324,0
2016-10-24T00:00:00.000000000,319,train,0.1664,0.2078,0.3015,0.3332,0.1576,0.556815,0.552417,0.018501,0.155654,0
2016-11-01T00:00:00.000000000,324,train,0.1820,0.2306,0.2505,0.3663,0.1526,-0.307065,0.551113,-0.008406,0.003469,0
2016-11-07T00:00:00.000000000,328,train,0.1860,0.3059,0.2785,0.2141,0.2015,0.221643,0.550596,-0.025671,-0.010301,0
2016-11-15T00:00:00.000000000,333,train,0.1560,0.3336,0.3030,0.2207,0.1427,-1.330109,0.550359,-0.012216,0.001929,0
2016-11-21T00:00:00.000000000,337,train,0.1646,0.2348,0.2700,0.2397,0.2554,1.618864,0.551264,-0.048275,-0.087313,0
2016-11-28T00:00:00.000000000,342,train,0.1701,0.2162,0.2463,0.2092,0.3283,-0.684446,0.551515,0.015407,-0.056978,0
2016-12-05T00:00:00.000000000,347,train,0.1744,0.3195,0.2246,0.2858,0.1701,1.021704,0.551406,0.007746,0.014386,0
2016-12-12T00:00:00.000000000,352,train,0.1951,0.2195,0.3617,0.2381,0.1807,-1.657080,0.550822,0.014152,-0.032932,0
2016-12-19T00:00:00.000000000,357,train,0.1649,0.1475,0.3266,0.3051,0.2207,-1.606779,0.550832,-0.023948,-0.054746,0
2016-12-26T00:00:00.000000000,362,train,0.1714,0.2614,0.3504,0.1948,0.1935,0.059069,0.551176,-0.017315,-0.033520,0
2017-01-02T00:00:00.000000000,367,train,0.1761,0.2629,0.2575,0.2316,0.2480,-1.150988,0.550630,0.027039,-0.003973,0
2017-01-09T00:00:00.000000000,372,train,0.1769,0.2700,0.2352,0.1768,0.3179,-1.109428,0.549441,0.024215,0.058572,0
2017-01-16T00:00:00.000000000,377,train,0.1813,0.2524,0.2795,0.2338,0.2343,0.878241,0.547627,0.029384,0.065592,0
2017-01-23T00:00:00.000000000,382,train,0.1706,0.2875,0.2366,0.3334,0.1424,0.422409,0.545941,0.000532,-0.003512,0
2017-01-30T00:00:00.000000000,386,train,0.1707,0.2190,0.2568,0.2045,0.3197,0.378706,0.543805,0.024665,-0.021775,0
2017-02-06T00:00:00.000000000,391,train,0.1540,0.3136,0.2248,0.2304,0.2312,0.077863,0.541453,0.017049,-0.013335,0
2017-02-13T00:00:00.000000000,396,train,0.1823,0.1972,0.2764,0.3062,0.2201,0.484729,0.539143,0.007739,-0.001620,0
2017-02-20T00:00:00.000000000,401,train,0.1777,0.2249,0.3318,0.2218,0.2216,0.834580,0.537494,-0.013318,0.014371,0
2017-02-27T00:00:00.000000000,405,train,0.1680,0.3392,0.2445,0.1928,0.2235,0.957890,0.535804,0.007633,-0.013222,0
2017-03-06T00:00:00.000000000,410,train,0.1591,0.2392,0.3708,0.1613,0.2287,-1.343042,0.533926,0.013135,-0.026383,0
2017-03-14T00:00:00.000000000,415,train,0.1662,0.2544,0.2638,0.2802,0.2016,1.532037,0.532551,-0.008403,-0.030865,0
2017-03-20T00:00:00.000000000,419,train,0.1489,0.1866,0.2026,0.2734,0.3373,-2.068473,0.530674,0.022852,-0.078308,0
2017-03-27T00:00:00.000000000,424,train,0.1630,0.2773,0.1784,0.3205,0.2239,0.356501,0.529317,-0.008004,-0.050656,0
2017-04-03T00:00:00.000000000,429,train,0.1626,0.1884,0.2743,0.3529,0.1844,-1.551145,0.528353,-0.005993,0.006134,0
2017-04-10T00:00:00.000000000,433,train,0.1619,0.2185,0.1584,0.2800,0.3431,-2.204798,0.527154,0.011254,0.038487,0
2017-04-17T00:00:00.000000000,437,train,0.1765,0.3518,0.2025,0.2332,0.2125,0.811237,0.526283,-0.004010,-0.033304,0
2017-04-24T00:00:00.000000000,442,train,0.1550,0.3304,0.2970,0.2325,0.1401,-0.639411,0.525224,0.009272,-0.017293,0
2017-05-02T00:00:00.000000000,447,train,0.1881,0.2234,0.3281,0.2494,0.1990,-0.339331,0.523993,0.009404,0.012584,0
2017-05-08T00:00:00.000000000,451,train,0.1747,0.2283,0.3058,0.2722,0.1938,1.476356,0.521853,0.033521,0.029052,0
2017-05-15T00:00:00.000000000,456,train,0.1463,0.2049,0.2901,0.1564,0.3486,-3.158805,0.520329,-0.006819,0.044266,0
2017-05-22T00:00:00.000000000,461,train,0.1639,0.2642,0.3109,0.1584,0.2665,0.109825,0.519795,-0.018125,-0.198614,0
2017-05-29T00:00:00.000000000,466,train,0.1881,0.3882,0.2713,0.1752,0.1652,-2.669960,0.520723,-0.037729,0.012664,0
2017-06-05T00:00:00.000000000,471,train,0.1632,0.1792,0.2747,0.2564,0.2896,0.486901,0.521742,-0.004551,-0.039648,0
2017-06-12T00:00:00.000000000,476,train,0.1793,0.2172,0.2235,0.3184,0.2409,0.480735,0.522134,0.014909,-0.023555,0
2017-06-19T00:00:00.000000000,481,train,0.1819,0.3042,0.3158,0.2476,0.1324,-0.504261,0.522078,0.012165,-0.018403,0
2017-06-27T00:00:00.000000000,486,train,0.1578,0.2689,0.3145,0.2528,0.1638,-1.094784,0.522274,-0.004924,-0.010947,0
2017-07-03T00:00:00.000000000,490,train,0.1734,0.1978,0.1581,0.3010,0.3431,-2.933893,0.523329,-0.022342,-0.087740,0
2017-07-10T00:00:00.000000000,495,train,0.1928,0.2042,0.4248,0.2384,0.1326,-3.400362,0.523302,0.025535,0.264062,0
2017-07-17T00:00:00.000000000,500,train,0.1704,0.2438,0.2971,0.1635,0.2956,0.098398,0.522023,0.037169,0.440430,0
2017-07-24T00:00:00.000000000,505,train,0.1744,0.4432,0.2254,0.2208,0.1106,-2.562987,0.521666,-0.018684,0.007308,0
2017-07-31T00:00:00.000000000,510,train,0.1720,0.2226,0.2599,0.3430,0.1745,0.792458,0.520998,0.011627,0.094588,0
2017-08-07T00:00:00.000000000,515,train,0.1668,0.2381,0.2217,0.1868,0.3534,-0.279090,0.520739,-0.006638,0.026994,0
2017-08-14T00:00:00.000000000,520,train,0.1797,0.1703,0.2397,0.4430,0.1470,-2.028239,0.521995,-0.040534,-0.047597,0
2017-08-21T00:00:00.000000000,524,train,0.1660,0.2419,0.1817,0.1588,0.4175,-2.969204,0.521591,0.044698,0.371351,0
2017-08-28T00:00:00.000000000,528,train,0.1670,0.2495,0.3352,0.2258,0.1894,0.968074,0.521321,-0.000709,-0.034034,0
2017-09-04T00:00:00.000000000,533,train,0.1506,0.3083,0.2947,0.2345,0.1626,-0.076943,0.520835,0.009179,-0.030964,0
2017-09-11T00:00:00.000000000,538,train,0.1622,0.2122,0.2422,0.2539,0.2916,0.944507,0.520173,0.008743,0.001690,0
2017-09-18T00:00:00.000000000,543,train,0.1691,0.4067,0.2273,0.2024,0.1636,0.050140,0.519502,0.004670,-0.009586,0
2017-09-25T00:00:00.000000000,548,train,0.1682,0.1907,0.1946,0.3915,0.2232,-0.417477,0.519043,-0.001078,0.000348,0
2017-10-03T00:00:00.000000000,553,train,0.1752,0.2224,0.2315,0.2358,0.3102,-0.623829,0.519387,-0.017050,-0.039263,0
2017-10-09T00:00:00.000000000,557,train,0.1766,0.3486,0.2028,0.2492,0.1994,0.470381,0.519134,0.016131,0.044034,0
2017-10-16T00:00:00.000000000,562,train,0.1782,0.2894,0.1905,0.2555,0.2645,-0.436172,0.518500,0.012639,-0.025040,0
2017-10-23T00:00:00.000000000,566,train,0.1865,0.2041,0.2948,0.3488,0.1524,-1.354347,0.517755,0.007087,0.009211,0
2017-10-30T00:00:00.000000000,571,train,0.1811,0.2165,0.2170,0.2645,0.3019,0.142410,0.516889,0.007629,0.032794,0
2017-11-06T00:00:00.000000000,576,train,0.1628,0.3098,0.2375,0.2360,0.2166,1.410294,0.515569,0.015926,-0.010315,0
2017-11-13T00:00:00.000000000,581,train,0.1585,0.3041,0.2178,0.2790,0.1991,0.981633,0.515617,-0.023844,0.215725,0
2017-11-20T00:00:00.000000000,586,train,0.1671,0.1531,0.2732,0.3739,0.1998,-1.413180,0.516000,-0.005172,0.041994,0
2017-11-27T00:00:00.000000000,591,train,0.1573,0.2548,0.3569,0.2400,0.1483,0.249726,0.515558,0.020038,0.147562,0
2017-12-04T00:00:00.000000000,596,train,0.1564,0.2296,0.2329,0.3399,0.1976,-0.191218,0.515024,0.006077,-0.005166,0
2017-12-11T00:00:00.000000000,601,train,0.1669,0.1305,0.2474,0.3474,0.2747,-2.122693,0.514852,-0.003375,-0.008136,0
2017-12-18T00:00:00.000000000,606,train,0.1742,0.3659,0.2533,0.1944,0.1864,-0.631596,0.514760,0.001628,-0.016114,0
2017-12-26T00:00:00.000000000,611,train,0.1618,0.1768,0.1994,0.3864,0.2375,-0.801940,0.513597,0.025604,0.092726,0
2018-01-01T00:00:00.000000000,615,train,0.1604,0.2553,0.2884,0.2402,0.2161,1.625482,0.512110,0.013047,0.048172,0
2018-01-08T00:00:00.000000000,620,train,0.1658,0.2169,0.3350,0.2512,0.1968,1.397364,0.510536,0.009034,-0.052371,0
2018-01-15T00:00:00.000000000,625,train,0.1859,0.2470,0.3066,0.1380,0.3084,-3.272403,0.508779,0.011190,-0.064958,0
2018-01-22T00:00:00.000000000,630,train,0.1685,0.3001,0.2551,0.2187,0.2261,1.598571,0.508939,-0.027985,-0.769056,0
2018-01-29T00:00:00.000000000,634,train,0.1644,0.2708,0.2454,0.2861,0.1977,0.744012,0.508167,0.022124,-0.221323,0
2018-02-05T00:00:00.000000000,639,train,0.1739,0.2458,0.2271,0.1852,0.3418,-0.355850,0.508986,-0.027223,0.174881,0
2018-02-12T00:00:00.000000000,644,train,0.1758,0.3021,0.2486,0.1922,0.2571,1.087733,0.512011,-0.063511,-0.180362,0
2018-02-19T00:00:00.000000000,648,train,0.1852,0.1864,0.1841,0.1947,0.4348,-4.512476,0.513586,0.028414,-0.248219,0
2018-02-26T00:00:00.000000000,653,train,0.1645,0.3318,0.3363,0.1752,0.1567,-0.068654,0.516085,-0.030379,-1.127861,0
2018-03-05T00:00:00.000000000,657,train,0.1728,0.3100,0.2055,0.1924,0.2921,0.076765,0.517901,0.010957,0.006110,0
2018-03-12T00:00:00.000000000,662,train,0.1611,0.3039,0.2181,0.3180,0.1600,0.240195,0.520887,-0.041033,0.025849,0
2018-03-19T00:00:00.000000000,667,train,0.1783,0.5015,0.2015,0.1475,0.1495,-3.551881,0.522173,0.034742,-0.076943,0
2018-03-26T00:00:00.000000000,672,train,0.1659,0.2436,0.2910,0.2569,0.2085,1.843989,0.524388,-0.032228,-0.996824,0
2018-04-02T00:00:00.000000000,675,train,0.1773,0.2563,0.2297,0.2959,0.2181,1.035640,0.525609,0.019704,-0.361470,0
2018-04-09T00:00:00.000000000,680,train,0.1936,0.2541,0.4115,0.1553,0.1792,-5.519659,0.525430,0.035398,-0.347575,0
2018-04-16T00:00:00.000000000,685,train,0.1685,0.3652,0.3201,0.2084,0.1063,-1.772995,0.525168,0.003851,0.152667,0
2018-04-23T00:00:00.000000000,690,train,0.1657,0.3797,0.3179,0.1316,0.1708,-1.952197,0.524279,0.019462,0.316185,0
2018-04-30T00:00:00.000000000,695,train,0.1682,0.2536,0.3179,0.2791,0.1494,0.890830,0.524166,-0.016612,-0.361938,0
2018-05-07T00:00:00.000000000,699,train,0.1623,0.2795,0.2014,0.3592,0.1599,-3.739352,0.525132,-0.028282,0.265730,0
2018-05-14T00:00:00.000000000,704,train,0.1603,0.2020,0.2193,0.2564,0.3223,0.098719,0.526998,-0.028508,-1.096058,0
2018-05-21T00:00:00.000000000,709,train,0.1659,0.2022,0.2039,0.3472,0.2467,-0.391339,0.528705,-0.002209,-0.000110,0
2018-05-28T00:00:00.000000000,714,train,0.1816,0.4100,0.2483,0.1406,0.2012,-1.697328,0.531607,-0.042256,-0.173208,0
2018-06-04T00:00:00.000000000,719,train,0.1574,0.4688,0.1138,0.2197,0.1977,-5.388008,0.533896,0.005145,0.170513,0
2018-06-11T00:00:00.000000000,724,train,0.1628,0.1998,0.2970,0.2010,0.3022,-0.639179,0.535934,-0.002428,0.059979,0
2018-06-18T00:00:00.000000000,729,train,0.1719,0.1865,0.3131,0.2988,0.2016,0.025466,0.537660,-0.000323,0.022313,0
2018-06-25T00:00:00.000000000,734,train,0.1652,0.2471,0.2809,0.3210,0.1510,0.810324,0.540381,-0.034809,0.009155,0
2018-07-02T00:00:00.000000000,739,train,0.1710,0.2157,0.2724,0.2291,0.2828,1.204273,0.544138,-0.043242,0.382113,0
2018-07-09T00:00:00.000000000,744,train,0.1730,0.2538,0.3443,0.2302,0.1717,-0.396403,0.546990,0.007036,-0.208893,0
2018-07-16T00:00:00.000000000,749,train,0.1724,0.3314,0.2584,0.2229,0.1873,0.246656,0.548606,0.017725,0.120706,0
2018-07-23T00:00:00.000000000,754,train,0.1622,0.2138,0.3253,0.3130,0.1479,0.230799,0.550446,-0.014552,0.031116,0
2018-07-30T00:00:00.000000000,759,train,0.1784,0.2643,0.2592,0.2882,0.1883,-0.535791,0.550796,0.026967,-0.101012,0
2018-08-06T00:00:00.000000000,764,train,0.1694,0.3476,0.2492,0.2308,0.1724,1.190016,0.550036,0.024036,0.204208,0
2018-08-13T00:00:00.000000000,769,train,0.1755,0.3377,0.2704,0.1795,0.2124,0.688124,0.548245,0.027202,-0.494677,0
2018-08-20T00:00:00.000000000,773,train,0.1557,0.2705,0.2998,0.1824,0.2473,0.201592,0.547675,-0.027096,0.259140,0
2018-08-27T00:00:00.000000000,777,train,0.1845,0.2551,0.3168,0.2596,0.1685,-0.021177,0.546679,0.010228,-0.037328,0
2018-09-03T00:00:00.000000000,782,train,0.1576,0.2490,0.3130,0.2376,0.2004,1.220022,0.545006,0.018354,0.005805,0
2018-09-10T00:00:00.000000000,787,train,0.1545,0.2846,0.2959,0.2382,0.1813,0.594306,0.544401,-0.022456,0.411795,0
2018-09-17T00:00:00.000000000,791,train,0.1743,0.1715,0.2724,0.3780,0.1781,-0.494491,0.544357,-0.013790,0.113625,0
2018-09-24T00:00:00.000000000,795,train,0.1609,0.2875,0.2229,0.2462,0.2434,1.408069,0.544201,0.000611,0.022354,0
2018-10-01T00:00:00.000000000,800,train,0.1748,0.3807,0.2430,0.2005,0.1757,0.413222,0.545346,-0.034804,0.759365,0
2018-10-08T00:00:00.000000000,804,train,0.1772,0.2392,0.2806,0.1992,0.2811,0.979800,0.547582,-0.046058,0.291428,0
2018-10-15T00:00:00.000000000,809,train,0.1624,0.2434,0.3113,0.2049,0.2404,-0.332190,0.550085,-0.017690,0.197896,0
2018-10-22T00:00:00.000000000,813,train,0.1787,0.1752,0.2664,0.3969,0.1616,-0.937154,0.551742,0.007496,0.080610,0
2018-10-29T00:00:00.000000000,818,train,0.1665,0.2888,0.3104,0.2338,0.1671,1.114937,0.552788,0.004577,0.173254,0
2018-11-05T00:00:00.000000000,823,train,0.1738,0.3242,0.2915,0.1542,0.2302,0.100508,0.552505,0.036023,-0.835002,0
2018-11-12T00:00:00.000000000,827,train,0.1649,0.2884,0.2280,0.2374,0.2462,1.557512,0.551906,0.004793,-0.015438,0
2018-11-19T00:00:00.000000000,832,train,0.1715,0.1693,0.3676,0.2242,0.2389,-0.142169,0.550215,0.024800,-0.813893,0
2018-11-26T00:00:00.000000000,836,train,0.1859,0.2997,0.3066,0.2284,0.1653,-1.669095,0.548698,-0.001603,-0.001132,0
2018-12-03T00:00:00.000000000,841,train,0.1750,0.2932,0.3572,0.1641,0.1855,0.159967,0.547372,-0.002332,-0.031487,0
2018-12-10T00:00:00.000000000,846,train,0.1737,0.2570,0.1955,0.2961,0.2514,0.814884,0.547280,-0.024923,0.075776,0
2018-12-17T00:00:00.000000000,851,train,0.1682,0.2308,0.3863,0.1900,0.1929,0.244130,0.546307,0.016784,-0.328846,0
2018-12-24T00:00:00.000000000,856,train,0.1719,0.1870,0.3351,0.1989,0.2790,-0.583569,0.544342,0.022923,-0.127375,0
2018-12-31T00:00:00.000000000,860,train,0.1757,0.2357,0.3386,0.2630,0.1627,0.921849,0.543091,-0.011339,-0.138479,0
2019-01-07T00:00:00.000000000,865,train,0.1832,0.2792,0.1388,0.3972,0.1848,-3.078075,0.542650,-0.015154,0.289183,0
2019-01-14T00:00:00.000000000,870,train,0.1568,0.2182,0.2214,0.3608,0.1996,-0.832989,0.541787,0.007912,0.669639,0
2019-01-21T00:00:00.000000000,875,train,0.1711,0.2778,0.2867,0.2883,0.1471,1.009638,0.540940,0.000170,0.026017,0
2019-01-28T00:00:00.000000000,880,train,0.1729,0.2931,0.3121,0.2270,0.1678,0.321476,0.540688,-0.010947,0.235937,0
2019-02-04T00:00:00.000000000,885,train,0.1491,0.2287,0.3755,0.2034,0.1924,-0.730687,0.541544,-0.027545,0.201229,0
2019-02-11T00:00:00.000000000,890,train,0.1675,0.2674,0.2052,0.3111,0.2164,0.463513,0.541648,0.009866,0.230839,0
2019-02-18T00:00:00.000000000,894,train,0.1702,0.1901,0.1983,0.3180,0.2935,-0.574218,0.542793,-0.027939,0.298244,0
2019-02-25T00:00:00.000000000,899,train,0.1589,0.2628,0.2369,0.2732,0.2271,1.424825,0.542878,0.014367,0.263230,0
2019-03-05T00:00:00.000000000,904,train,0.1744,0.2149,0.2023,0.2599,0.3228,0.223247,0.542496,0.005965,-0.323333,0
2019-03-11T00:00:00.000000000,908,train,0.1465,0.2759,0.3228,0.2216,0.1797,-0.778054,0.541544,0.008992,-0.067865,0
2019-03-18T00:00:00.000000000,913,train,0.1629,0.2673,0.2070,0.2329,0.2928,0.018694,0.539687,0.030771,0.680269,0
2019-03-25T00:00:00.000000000,917,train,0.1680,0.1614,0.4330,0.2328,0.1728,-1.592798,0.537232,0.014685,-0.008128,0
2019-04-01T00:00:00.000000000,921,train,0.1766,0.3591,0.1986,0.2297,0.2126,0.705885,0.534841,0.003846,0.141649,0
2019-04-08T00:00:00.000000000,926,train,0.1719,0.2172,0.3960,0.2062,0.1805,-2.503288,0.532365,0.006447,-0.115097,0
2019-04-15T00:00:00.000000000,931,train,0.1582,0.2452,0.3290,0.2110,0.2149,0.539127,0.530693,-0.008243,-0.695947,0
2019-04-22T00:00:00.000000000,934,train,0.1552,0.1491,0.3061,0.1994,0.3453,-2.300731,0.528498,0.012437,-0.193100,0
2019-04-30T00:00:00.000000000,939,train,0.1694,0.2360,0.2680,0.3252,0.1708,0.463699,0.527362,-0.012370,-0.970129,0
2019-05-06T00:00:00.000000000,942,train,0.1839,0.3042,0.2542,0.2153,0.2262,0.247796,0.526633,-0.004177,0.069260,0
2019-05-13T00:00:00.000000000,947,train,0.1890,0.2452,0.2701,0.2036,0.2812,-0.366424,0.526969,-0.028587,0.227250,0
2019-05-20T00:00:00.000000000,952,train,0.1762,0.3329,0.1524,0.1606,0.3542,-3.528518,0.527062,0.002284,0.040117,0
2019-05-27T00:00:00.000000000,957,train,0.1743,0.2210,0.1698,0.2482,0.3611,-1.622953,0.526172,0.023911,2.879113,0
2019-06-03T00:00:00.000000000,962,train,0.1760,0.3267,0.2546,0.1747,0.2440,-1.726789,0.524426,0.019595,1.042359,0
2019-06-10T00:00:00.000000000,966,train,0.1711,0.3240,0.2376,0.2078,0.2307,0.823002,0.523819,-0.014196,-0.905250,0
2019-06-17T00:00:00.000000000,971,train,0.1530,0.2045,0.3439,0.2274,0.2241,0.149175,0.522689,0.009682,-0.262966,0
2019-06-24T00:00:00.000000000,976,train,0.1664,0.1640,0.2596,0.2871,0.2893,-0.056790,0.522614,-0.015436,0.085627,0
2019-07-01T00:00:00.000000000,981,train,0.1812,0.2537,0.2359,0.1983,0.3121,0.034572,0.522059,0.007585,0.014763,0
2019-07-08T00:00:00.000000000,986,train,0.1704,0.3058,0.1380,0.3594,0.1969,-2.526127,0.521168,0.006336,-0.007983,0
2019-07-15T00:00:00.000000000,991,train,0.1688,0.1435,0.2485,0.3359,0.2722,-1.625094,0.521295,-0.051979,-4.576170,0
2019-07-22T00:00:00.000000000,996,train,0.1906,0.3631,0.2135,0.3007,0.1227,-2.620653,0.521075,0.003450,0.302295,0
2019-07-29T00:00:00.000000000,1001,train,0.1765,0.2554,0.2786,0.2655,0.2004,-0.005526,0.521639,-0.013375,-1.110556,0
2019-08-05T00:00:00.000000000,1006,train,0.1733,0.3367,0.2779,0.2515,0.1338,0.269095,0.523043,-0.023973,-0.004884,0
2019-08-13T00:00:00.000000000,1011,train,0.1759,0.2228,0.3089,0.2268,0.2415,-0.327807,0.523811,0.004330,-0.076238,0
2019-08-19T00:00:00.000000000,1014,train,0.1612,0.1742,0.3941,0.1547,0.2769,-1.894657,0.524710,-0.005923,-0.038419,0
2019-08-26T00:00:00.000000000,1019,train,0.1742,0.2285,0.2518,0.3152,0.2045,0.819382,0.526381,-0.015809,-0.938151,0
2019-09-03T00:00:00.000000000,1024,train,0.1836,0.2509,0.2357,0.3615,0.1519,-1.757932,0.526983,0.013070,-0.539197,0
2019-09-09T00:00:00.000000000,1028,train,0.1696,0.3449,0.2280,0.1886,0.2386,0.818831,0.526815,0.007398,0.720793,0
2019-09-16T00:00:00.000000000,1032,train,0.1847,0.1327,0.2680,0.3688,0.2304,-2.260510,0.526676,-0.002474,0.004540,0
2019-09-23T00:00:00.000000000,1037,train,0.1842,0.3373,0.2494,0.2470,0.1664,0.327192,0.527104,-0.009913,-0.721898,0
2019-09-30T00:00:00.000000000,1042,train,0.1663,0.3609,0.2557,0.1957,0.1877,0.806761,0.527083,0.002770,-0.077830,0
2019-10-07T00:00:00.000000000,1046,train,0.1692,0.2656,0.2663,0.2671,0.2011,1.619735,0.527867,-0.013055,0.376129,0
2019-10-14T00:00:00.000000000,1050,train,0.1643,0.3428,0.2363,0.1922,0.2287,0.882399,0.529433,-0.017379,1.040339,0
2019-10-22T00:00:00.000000000,1055,train,0.1612,0.3073,0.3290,0.2281,0.1356,0.015606,0.529970,0.026209,-1.149340,0
2019-10-29T00:00:00.000000000,1060,train,0.1622,0.1776,0.3120,0.2475,0.2629,0.559899,0.529597,0.020574,-0.015968,0
2019-11-04T00:00:00.000000000,1064,train,0.1555,0.3506,0.2127,0.2852,0.1515,-0.212791,0.528531,0.008911,-0.247926,0
2019-11-11T00:00:00.000000000,1069,train,0.1605,0.3126,0.2950,0.2202,0.1722,0.392700,0.527457,0.000950,0.014047,0
2019-11-18T00:00:00.000000000,1073,train,0.1769,0.2790,0.2087,0.3273,0.1850,0.840420,0.525656,0.011852,-0.224487,0
2019-11-25T00:00:00.000000000,1078,train,0.1995,0.3310,0.2657,0.2082,0.1951,-2.354527,0.524547,-0.006390,0.258976,0
2019-12-02T00:00:00.000000000,1083,train,0.1872,0.1966,0.4828,0.1633,0.1574,-3.010748,0.522722,0.026603,2.927952,0
2019-12-09T00:00:00.000000000,1088,train,0.1515,0.3313,0.2927,0.1554,0.2206,-1.003256,0.521922,-0.010059,-1.595081,0
2019-12-16T00:00:00.000000000,1093,train,0.1615,0.3813,0.1994,0.2415,0.1777,0.139760,0.522028,-0.010860,-0.552675,0
2019-12-23T00:00:00.000000000,1098,train,0.1828,0.2580,0.3104,0.2176,0.2140,0.253100,0.521613,0.006501,-0.045095,0
2019-12-30T00:00:00.000000000,1102,train,0.1557,0.2459,0.3494,0.2451,0.1596,0.343079,0.521317,-0.000619,0.011726,0
2020-01-06T00:00:00.000000000,1107,train,0.1675,0.2468,0.2450,0.3074,0.2008,1.154511,0.520237,0.021210,-0.360525,0
2020-01-13T00:00:00.000000000,1112,train,0.1770,0.3244,0.1851,0.3069,0.1836,-0.508944,0.519929,-0.006734,0.476848,0
2020-01-20T00:00:00.000000000,1117,train,0.1854,0.3405,0.3200,0.1428,0.1966,-1.584833,0.518845,0.011113,0.269577,0
2020-01-27T00:00:00.000000000,1122,train,0.1681,0.3047,0.2597,0.2855,0.1501,0.931267,0.518222,-0.002714,-0.352571,0
2020-02-03T00:00:00.000000000,1127,train,0.1536,0.4183,0.1341,0.2381,0.2095,-3.856969,0.518469,-0.018588,0.979822,0
2020-02-10T00:00:00.000000000,1132,train,0.1457,0.1946,0.3162,0.3048,0.1845,-1.301558,0.519487,-0.027682,-5.525275,0
2020-02-17T00:00:00.000000000,1137,train,0.1822,0.3817,0.2081,0.2010,0.2092,-1.528774,0.520382,-0.000847,0.020327,0
2020-02-24T00:00:00.000000000,1141,train,0.1801,0.2237,0.2412,0.2461,0.2890,0.658567,0.521977,-0.015502,-1.166984,0
2020-03-02T00:00:00.000000000,1146,train,0.1987,0.3249,0.1916,0.2413,0.2422,-2.612723,0.524192,-0.039966,1.228237,0
2020-03-09T00:00:00.000000000,1151,train,0.1660,0.1952,0.2856,0.3059,0.2133,1.014902,0.526956,-0.040622,-4.435147,0
2020-03-16T00:00:00.000000000,1155,train,0.1834,0.1821,0.1978,0.2944,0.3257,-1.178302,0.530208,-0.150047,3.659853,0
2020-03-23T00:00:00.000000000,1160,train,0.1700,0.2787,0.2728,0.2311,0.2175,0.657528,0.533891,-0.069206,-1.611842,0
2020-03-30T00:00:00.000000000,1165,train,0.1500,0.2991,0.1642,0.3117,0.2250,-0.964817,0.536415,0.018057,-0.541527,0
2020-04-07T00:00:00.000000000,1169,train,0.1567,0.3155,0.3495,0.2179,0.1172,-1.755455,0.538559,-0.010395,0.085598,0
2020-04-13T00:00:00.000000000,1172,train,0.1567,0.2169,0.2514,0.2190,0.3126,-0.570350,0.539711,0.068977,3.337372,0
2020-04-20T00:00:00.000000000,1176,train,0.1609,0.2561,0.2648,0.2068,0.2724,0.817151,0.539979,0.028898,0.506183,0
2020-04-27T00:00:00.000000000,1181,train,0.1662,0.2602,0.2582,0.2889,0.1927,1.632480,0.539946,0.000096,-0.151379,0
2020-05-04T00:00:00.000000000,1185,train,0.1455,0.2257,0.3343,0.2341,0.2059,-0.725174,0.539157,0.030919,-1.479241,0
2020-05-11T00:00:00.000000000,1190,train,0.1768,0.2257,0.2009,0.3125,0.2608,0.653532,0.538882,-0.017431,-0.211816,0
2020-05-18T00:00:00.000000000,1195,train,0.1311,0.2703,0.3626,0.1788,0.1884,-5.634324,0.538116,0.008137,-0.229785,0
2020-05-26T00:00:00.000000000,1200,train,0.1527,0.2302,0.3019,0.2650,0.2029,0.385339,0.536828,0.010729,2.286645,0
2020-06-01T00:00:00.000000000,1204,train,0.1717,0.2322,0.3096,0.1500,0.3083,-0.861834,0.534921,0.026653,-0.306866,0
2020-06-08T00:00:00.000000000,1209,train,0.1660,0.3191,0.2647,0.2098,0.2065,1.017485,0.532467,0.076855,1.615072,0
2020-06-15T00:00:00.000000000,1214,train,0.1665,0.2619,0.2652,0.3160,0.1569,0.004366,0.530942,-0.018265,0.470120,0
2020-06-22T00:00:00.000000000,1219,train,0.1564,0.2803,0.3369,0.2059,0.1769,0.633325,0.528834,0.057867,-0.006412,0
2020-06-29T00:00:00.000000000,1224,train,0.1742,0.1350,0.2268,0.5270,0.1112,-5.802709,0.526298,0.021768,-0.283727,0
2020-07-06T00:00:00.000000000,1229,train,0.1735,0.1660,0.1830,0.3320,0.3190,-2.023258,0.524349,-0.005577,-1.341417,0
2020-07-13T00:00:00.000000000,1234,train,0.1760,0.3123,0.2800,0.2967,0.1110,-1.563837,0.522399,0.008757,0.268621,0
2020-07-20T00:00:00.000000000,1239,train,0.1507,0.1821,0.3291,0.2725,0.2163,-0.589550,0.519914,0.030263,1.051016,0
2020-07-27T00:00:00.000000000,1244,train,0.1510,0.2597,0.3247,0.2154,0.2002,0.252944,0.518423,-0.031449,-0.545616,0
2020-08-03T00:00:00.000000000,1249,train,0.1922,0.2582,0.2452,0.2932,0.2035,-0.674384,0.517819,-0.046450,0.311996,0
2020-08-10T00:00:00.000000000,1254,train,0.1708,0.1808,0.2759,0.4299,0.1135,-2.838888,0.516550,0.080151,1.233617,0
2020-08-17T00:00:00.000000000,1259,train,0.1656,0.3208,0.1778,0.3147,0.1867,0.269947,0.514689,0.079491,4.633562,0
2020-08-24T00:00:00.000000000,1264,train,0.1842,0.2051,0.2873,0.3030,0.2046,-0.091801,0.512397,0.028135,-0.118964,0
2020-08-31T00:00:00.000000000,1269,train,0.1659,0.2050,0.3191,0.2887,0.1872,0.035563,0.510810,-0.005255,-0.031194,0
2020-09-07T00:00:00.000000000,1274,train,0.1453,0.2805,0.2562,0.2347,0.2286,-0.354920,0.510108,-0.041320,0.039559,0
2020-09-14T00:00:00.000000000,1279,train,0.1744,0.2129,0.2597,0.2225,0.3049,0.571646,0.510195,-0.016047,-0.181594,0
2020-09-21T00:00:00.000000000,1284,train,0.1710,0.2691,0.2710,0.1600,0.3000,0.140395,0.509621,0.025042,-0.267689,0
2020-09-28T00:00:00.000000000,1289,train,0.1661,0.2258,0.3197,0.2461,0.2083,1.624485,0.509615,-0.009147,0.050604,0
2020-10-05T00:00:00.000000000,1293,train,0.1714,0.1686,0.3952,0.2419,0.1943,-0.269039,0.508899,0.039795,-1.349075,0
2020-10-12T00:00:00.000000000,1298,train,0.1623,0.3755,0.2389,0.1911,0.1945,-0.779479,0.508258,0.006933,-0.001177,0
2020-10-19T00:00:00.000000000,1303,train,0.1546,0.1511,0.2685,0.3622,0.2183,-1.293743,0.508392,-0.027831,-0.674627,0
2020-10-26T00:00:00.000000000,1308,train,0.1704,0.1907,0.3504,0.2488,0.2101,-0.376252,0.508136,0.016009,0.351874,0
2020-11-02T00:00:00.000000000,1313,train,0.1645,0.3446,0.1475,0.3071,0.2007,-3.314434,0.508414,-0.008199,-0.137487,0
2020-11-09T00:00:00.000000000,1318,train,0.1859,0.2276,0.1925,0.3150,0.2649,-0.538947,0.508262,0.016026,0.960111,0
2020-11-17T00:00:00.000000000,1324,train,0.1764,0.3365,0.2559,0.2448,0.1628,0.943733,0.507419,0.057118,0.717492,0
2020-11-23T00:00:00.000000000,1328,train,0.1694,0.1984,0.4121,0.2177,0.1718,-0.980384,0.506800,0.004414,0.095368,0
2020-12-01T00:00:00.000000000,1333,train,0.1851,0.2033,0.3919,0.2749,0.1299,-1.785706,0.505728,0.021809,0.365695,0
2020-12-07T00:00:00.000000000,1337,train,0.1525,0.2539,0.2665,0.2580,0.2217,-1.843493,0.504887,0.005520,-0.160389,0
2020-12-14T00:00:00.000000000,1342,train,0.1467,0.2927,0.1993,0.2158,0.2922,-1.959991,0.503426,0.035452,1.392228,0
2020-12-21T00:00:00.000000000,1347,train,0.1648,0.3423,0.1988,0.2657,0.1932,0.771798,0.501412,0.082296,3.671370,0
2020-12-28T00:00:00.000000000,1351,train,0.1614,0.1688,0.2832,0.3108,0.2372,0.330724,0.499090,0.027590,-0.287416,0
2021-01-04T00:00:00.000000000,1356,train,0.1740,0.2564,0.3696,0.1728,0.2012,0.292416,0.497135,0.010554,0.032581,0
2021-01-11T00:00:00.000000000,1361,train,0.1796,0.2841,0.1846,0.3904,0.1409,-1.327902,0.494861,0.027602,-0.110342,0
2021-01-18T00:00:00.000000000,1366,train,0.1661,0.3185,0.2111,0.2330,0.2373,-0.085171,0.493095,0.007545,-0.271759,0
2021-01-25T00:00:00.000000000,1371,train,0.1832,0.3417,0.2761,0.2275,0.1547,0.021847,0.492213,-0.008338,-0.056220,0
2021-02-01T00:00:00.000000000,1375,train,0.1582,0.2149,0.2315,0.2543,0.2994,0.501708,0.492123,-0.021870,0.021530,0
2021-02-08T00:00:00.000000000,1380,train,0.1693,0.2982,0.1623,0.3480,0.1915,-0.266538,0.491345,0.041904,-0.440431,0
2021-02-15T00:00:00.000000000,1385,train,0.1813,0.1829,0.3334,0.2713,0.2124,0.316858,0.490672,0.012312,-0.005945,0
2021-02-22T00:00:00.000000000,1390,train,0.1702,0.3211,0.1732,0.2843,0.2215,0.289829,0.490766,-0.022727,0.332050,0
2021-03-01T00:00:00.000000000,1395,train,0.1658,0.3875,0.2258,0.2000,0.1868,0.514120,0.491448,-0.003407,0.126393,0
2021-03-08T00:00:00.000000000,1400,train,0.1623,0.2223,0.1754,0.2574,0.3449,-2.423695,0.492311,0.004546,0.092941,0
2021-03-15T00:00:00.000000000,1404,train,0.1730,0.2992,0.2621,0.2037,0.2350,-0.538503,0.493374,0.003589,-0.502389,0
2021-03-22T00:00:00.000000000,1409,train,0.1770,0.2029,0.2808,0.3228,0.1934,0.426163,0.495022,-0.029262,-0.652934,0
2021-03-30T00:00:00.000000000,1414,train,0.1662,0.2144,0.2055,0.3186,0.2615,0.762803,0.496857,-0.000200,0.108741,0
2021-04-05T00:00:00.000000000,1417,train,0.1682,0.2597,0.2335,0.3491,0.1577,0.305939,0.497809,0.026860,-0.476860,0
2021-04-12T00:00:00.000000000,1422,train,0.1805,0.2099,0.3606,0.3303,0.0992,-3.170563,0.499341,-0.006777,0.152303,0
2021-04-19T00:00:00.000000000,1426,train,0.1547,0.3228,0.2670,0.2382,0.1720,0.731542,0.501403,-0.032020,-4.043374,0
2021-04-26T00:00:00.000000000,1430,train,0.1791,0.2244,0.3213,0.2944,0.1599,0.429564,0.503766,-0.005772,0.274866,0
2021-05-03T00:00:00.000000000,1435,train,0.1653,0.3908,0.2750,0.2349,0.0993,-2.459188,0.505199,0.023932,-0.269623,0
2021-05-10T00:00:00.000000000,1440,train,0.1729,0.2204,0.2485,0.2688,0.2622,0.679636,0.506475,0.006472,0.033864,0
2021-05-17T00:00:00.000000000,1444,train,0.1751,0.3260,0.2847,0.1458,0.2436,-0.533777,0.508304,-0.012761,0.443199,0
2021-05-24T00:00:00.000000000,1449,train,0.1690,0.2482,0.2890,0.2759,0.1869,1.390280,0.509262,0.048292,0.769540,0
2021-05-31T00:00:00.000000000,1454,train,0.1692,0.3113,0.3020,0.1416,0.2451,-1.509914,0.509738,0.015791,-0.404521,0
2021-06-07T00:00:00.000000000,1459,train,0.1638,0.2021,0.2881,0.3150,0.1948,1.093862,0.510695,-0.003582,-0.597207,0
2021-06-14T00:00:00.000000000,1464,train,0.1827,0.1279,0.3066,0.3697,0.1958,-2.879383,0.510874,0.029777,-0.872123,0
2021-06-21T00:00:00.000000000,1469,train,0.1489,0.1626,0.2149,0.3676,0.2549,-2.526786,0.511712,-0.031676,-3.938337,0
2021-06-28T00:00:00.000000000,1474,train,0.1668,0.3220,0.2878,0.1764,0.2138,0.978443,0.512246,0.011075,0.423585,0
2021-07-05T00:00:00.000000000,1479,train,0.1723,0.2602,0.1694,0.2978,0.2726,0.264394,0.513402,-0.012545,0.662665,0
2021-07-12T00:00:00.000000000,1484,train,0.1887,0.3265,0.2528,0.2124,0.2083,-2.484175,0.514727,-0.000289,0.055949,0
2021-07-19T00:00:00.000000000,1489,train,0.1642,0.3199,0.3252,0.1797,0.1752,0.295296,0.516131,0.001112,-0.387339,0
2021-07-26T00:00:00.000000000,1493,train,0.1715,0.2903,0.3281,0.2108,0.1708,1.037620,0.518067,-0.017043,0.244795,0
2021-08-02T00:00:00.000000000,1498,train,0.1717,0.4466,0.1601,0.2624,0.1308,-2.393156,0.520478,-0.015858,0.779758,0
2021-08-09T00:00:00.000000000,1503,train,0.1820,0.2001,0.2793,0.3131,0.2075,0.706552,0.523315,-0.016393,-1.776619,0
2021-08-16T00:00:00.000000000,1508,train,0.1677,0.2039,0.2110,0.3864,0.1987,-0.242347,0.525963,0.000302,0.046882,0
2021-08-23T00:00:00.000000000,1512,train,0.1608,0.2582,0.2691,0.2590,0.2137,1.250161,0.528302,0.002850,0.008526,0
2021-08-30T00:00:00.000000000,1517,train,0.1588,0.2362,0.2414,0.3962,0.1261,-1.235233,0.529729,0.020815,-0.959238,0
2021-09-06T00:00:00.000000000,1522,train,0.1772,0.3460,0.3154,0.1841,0.1546,-2.177293,0.530338,0.048200,2.133248,0
2021-09-13T00:00:00.000000000,1526,train,0.1521,0.2546,0.2682,0.3029,0.1744,0.030704,0.531113,0.000803,-0.372827,0
2021-09-20T00:00:00.000000000,1531,train,0.1794,0.2444,0.1888,0.3627,0.2040,-0.606438,0.531138,0.050575,-0.052137,0
2021-09-27T00:00:00.000000000,1536,train,0.1873,0.1930,0.2597,0.3899,0.1573,-1.555530,0.531829,-0.026008,-0.731384,0
2021-10-04T00:00:00.000000000,1541,train,0.1721,0.2982,0.2967,0.2520,0.1531,0.860237,0.533115,-0.014409,-1.139427,0
2021-10-11T00:00:00.000000000,1546,train,0.1600,0.2876,0.2690,0.2393,0.2041,1.563412,0.534665,-0.003408,0.257000,0
2021-10-18T00:00:00.000000000,1550,train,0.1737,0.3536,0.2023,0.2037,0.2404,0.617850,0.536722,-0.010308,0.863239,0
2021-10-25T00:00:00.000000000,1555,train,0.1716,0.3072,0.2675,0.2268,0.1985,1.586932,0.539232,-0.017787,0.503439,0
2021-11-01T00:00:00.000000000,1560,train,0.1711,0.2808,0.2931,0.2844,0.1417,0.802407,0.542145,-0.012916,0.947047,0
2021-11-08T00:00:00.000000000,1564,train,0.1666,0.2617,0.2602,0.2304,0.2477,1.197920,0.544100,0.031753,-0.931286,0
2021-11-15T00:00:00.000000000,1569,train,0.1606,0.2745,0.1744,0.3347,0.2164,0.188268,0.546003,0.000417,0.127905,0
2021-11-22T00:00:00.000000000,1573,train,0.1683,0.2876,0.1889,0.2458,0.2778,-0.208571,0.547052,0.035634,-0.238249,0
2021-11-29T00:00:00.000000000,1578,train,0.1482,0.1987,0.2846,0.3250,0.1917,-0.831930,0.548651,-0.016931,-0.175511,0
2021-12-06T00:00:00.000000000,1583,train,0.1711,0.2175,0.3334,0.1885,0.2607,0.666395,0.550528,-0.005007,-0.283845,0
2021-12-13T00:00:00.000000000,1588,train,0.1693,0.2354,0.2891,0.2101,0.2653,1.400810,0.551559,0.038745,-0.917459,0
2021-12-20T00:00:00.000000000,1593,train,0.1537,0.2879,0.4127,0.1766,0.1228,-2.533241,0.553138,-0.023061,1.501556,0
2021-12-27T00:00:00.000000000,1598,train,0.1725,0.2882,0.2336,0.2781,0.2001,1.644040,0.555207,-0.011665,-1.497797,0
2022-01-03T00:00:00.000000000,1603,test,0.1690,0.2635,0.2673,0.2529,0.2162,0.000000,0.000000,-0.027183,0.000000,0
2022-01-10T00:00:00.000000000,1608,test,0.1688,0.2650,0.2677,0.2520,0.2152,0.000000,0.000000,0.052996,0.000000,0
2022-01-17T00:00:00.000000000,1613,test,0.1689,0.2641,0.2669,0.2527,0.2162,0.000000,0.000000,-0.008125,0.000000,0
2022-01-24T00:00:00.000000000,1618,test,0.1689,0.2643,0.2670,0.2526,0.2160,0.000000,0.000000,0.001751,0.000000,0
2022-01-31T00:00:00.000000000,1622,test,0.1689,0.2640,0.2676,0.2527,0.2157,0.000000,0.000000,-0.007205,0.000000,0
2022-02-07T00:00:00.000000000,1627,test,0.1689,0.2640,0.2680,0.2527,0.2153,0.000000,0.000000,-0.003413,0.000000,0
2022-02-14T00:00:00.000000000,1632,test,0.1689,0.2640,0.2678,0.2527,0.2155,0.000000,0.000000,-0.009145,0.000000,0
2022-02-21T00:00:00.000000000,1637,test,0.1689,0.2642,0.2673,0.2526,0.2158,0.000000,0.000000,0.001635,0.000000,0
2022-02-28T00:00:00.000000000,1642,test,0.1690,0.2636,0.2663,0.2532,0.2169,0.000000,0.000000,-0.049882,0.000000,0
2022-03-07T00:00:00.000000000,1646,test,0.1689,0.2645,0.2673,0.2524,0.2158,0.000000,0.000000,0.018406,0.000000,0
2022-03-14T00:00:00.000000000,1651,test,0.1689,0.2644,0.2678,0.2524,0.2154,0.000000,0.000000,0.017347,0.000000,0
2022-03-21T00:00:00.000000000,1655,test,0.1689,0.2640,0.2675,0.2527,0.2157,0.000000,0.000000,-0.008854,0.000000,0
2022-03-28T00:00:00.000000000,1660,test,0.1689,0.2643,0.2678,0.2525,0.2154,0.000000,0.000000,0.009172,0.000000,0
2022-04-04T00:00:00.000000000,1665,test,0.1689,0.2647,0.2683,0.2522,0.2149,0.000000,0.000000,0.036304,0.000000,0
2022-04-11T00:00:00.000000000,1670,test,0.1688,0.2647,0.2687,0.2521,0.2145,0.000000,0.000000,0.046119,0.000000,0
2022-04-18T00:00:00.000000000,1673,test,0.1689,0.2642,0.2684,0.2525,0.2148,0.000000,0.000000,0.013595,0.000000,0
2022-04-25T00:00:00.000000000,1678,test,0.1689,0.2642,0.2684,0.2525,0.2149,0.000000,0.000000,0.010860,0.000000,0
2022-05-02T00:00:00.000000000,1683,test,0.1690,0.2639,0.2681,0.2528,0.2152,0.000000,0.000000,-0.008374,0.000000,0
2022-05-09T00:00:00.000000000,1687,test,0.1690,0.2635,0.2670,0.2532,0.2163,0.000000,0.000000,-0.048529,0.000000,0
2022-05-16T00:00:00.000000000,1692,test,0.1690,0.2636,0.2660,0.2532,0.2172,0.000000,0.000000,-0.049705,0.000000,0
2022-05-23T00:00:00.000000000,1697,test,0.1689,0.2646,0.2660,0.2526,0.2168,0.000000,0.000000,0.009214,0.000000,0
2022-05-30T00:00:00.000000000,1702,test,0.1689,0.2638,0.2646,0.2532,0.2184,0.000000,0.000000,-0.050394,0.000000,0
2022-06-06T00:00:00.000000000,1707,test,0.1688,0.2647,0.2649,0.2526,0.2179,0.000000,0.000000,0.003644,0.000000,0
2022-06-13T00:00:00.000000000,1712,test,0.1689,0.2638,0.2640,0.2532,0.2190,0.000000,0.000000,-0.055184,0.000000,0
2022-06-20T00:00:00.000000000,1717,test,0.1689,0.2641,0.2647,0.2530,0.2182,0.000000,0.000000,-0.034584,0.000000,0
2022-06-27T00:00:00.000000000,1722,test,0.1688,0.2646,0.2655,0.2525,0.2173,0.000000,0.000000,0.008202,0.000000,0
2022-07-04T00:00:00.000000000,1727,test,0.1688,0.2647,0.2658,0.2524,0.2171,0.000000,0.000000,0.012909,0.000000,0
2022-07-11T00:00:00.000000000,1732,test,0.1689,0.2643,0.2667,0.2526,0.2163,0.000000,0.000000,0.003958,0.000000,0
2022-07-18T00:00:00.000000000,1737,test,0.1689,0.2646,0.2669,0.2524,0.2161,0.000000,0.000000,0.018864,0.000000,0
2022-07-25T00:00:00.000000000,1742,test,0.1689,0.2641,0.2681,0.2527,0.2152,0.000000,0.000000,0.002431,0.000000,0
2022-08-01T00:00:00.000000000,1747,test,0.1689,0.2638,0.2672,0.2528,0.2162,0.000000,0.000000,-0.029094,0.000000,0
2022-08-08T00:00:00.000000000,1752,test,0.1688,0.2647,0.2682,0.2521,0.2150,0.000000,0.000000,0.039560,0.000000,0
2022-08-16T00:00:00.000000000,1756,test,0.1689,0.2639,0.2674,0.2527,0.2160,0.000000,0.000000,-0.017909,0.000000,0
2022-08-22T00:00:00.000000000,1760,test,0.1688,0.2645,0.2679,0.2523,0.2153,0.000000,0.000000,0.020847,0.000000,0
2022-08-29T00:00:00.000000000,1765,test,0.1689,0.2640,0.2675,0.2526,0.2158,0.000000,0.000000,-0.008750,0.000000,0
2022-09-05T00:00:00.000000000,1769,test,0.1688,0.2643,0.2677,0.2524,0.2156,0.000000,0.000000,0.005362,0.000000,0
2022-09-12T00:00:00.000000000,1774,test,0.1688,0.2642,0.2677,0.2525,0.2156,0.000000,0.000000,0.003402,0.000000,0
2022-09-19T00:00:00.000000000,1779,test,0.1689,0.2643,0.2683,0.2525,0.2149,0.000000,0.000000,0.016862,0.000000,0
2022-09-26T00:00:00.000000000,1784,test,0.1690,0.2638,0.2678,0.2529,0.2155,0.000000,0.000000,-0.018862,0.000000,0
2022-10-03T00:00:00.000000000,1789,test,0.1691,0.2632,0.2660,0.2535,0.2172,0.000000,0.000000,-0.075512,0.000000,0
2022-10-10T00:00:00.000000000,1793,test,0.1688,0.2649,0.2672,0.2522,0.2157,0.000000,0.000000,0.038336,0.000000,0
2022-10-17T00:00:00.000000000,1798,test,0.1689,0.2643,0.2667,0.2527,0.2163,0.000000,0.000000,0.003636,0.000000,0
2022-10-24T00:00:00.000000000,1803,test,0.1690,0.2636,0.2659,0.2533,0.2173,0.000000,0.000000,-0.052432,0.000000,0
2022-10-31T00:00:00.000000000,1807,test,0.1689,0.2646,0.2667,0.2525,0.2162,0.000000,0.000000,0.016766,0.000000,0
2022-11-07T00:00:00.000000000,1812,test,0.1689,0.2643,0.2670,0.2526,0.2160,0.000000,0.000000,0.007536,0.000000,0
2022-11-14T00:00:00.000000000,1816,test,0.1690,0.2640,0.2672,0.2529,0.2159,0.000000,0.000000,-0.011592,0.000000,0
2022-11-21T00:00:00.000000000,1821,test,0.1690,0.2637,0.2667,0.2531,0.2165,0.000000,0.000000,-0.031517,0.000000,0
2022-11-28T00:00:00.000000000,1826,test,0.1689,0.2643,0.2671,0.2527,0.2159,0.000000,0.000000,0.003997,0.000000,0
2022-12-05T00:00:00.000000000,1831,test,0.1689,0.2646,0.2683,0.2523,0.2147,0.000000,0.000000,0.040542,0.000000,0
2022-12-12T00:00:00.000000000,1836,test,0.1690,0.2642,0.2681,0.2526,0.2150,0.000000,0.000000,0.014002,0.000000,0
2022-12-19T00:00:00.000000000,1841,test,0.1690,0.2638,0.2676,0.2530,0.2156,0.000000,0.000000,-0.018379,0.000000,0
2022-12-26T00:00:00.000000000,1846,test,0.1690,0.2638,0.2678,0.2530,0.2154,0.000000,0.000000,-0.018188,0.000000,0
2023-01-02T00:00:00.000000000,1851,test,0.1690,0.2643,0.2678,0.2526,0.2153,0.000000,0.000000,0.010844,0.000000,0
2023-01-09T00:00:00.000000000,1856,test,0.1690,0.2638,0.2673,0.2530,0.2158,0.000000,0.000000,-0.021757,0.000000,0
2023-01-16T00:00:00.000000000,1861,test,0.1690,0.2641,0.2677,0.2528,0.2155,0.000000,0.000000,0.000122,0.000000,0
2023-01-23T00:00:00.000000000,1866,test,0.1690,0.2639,0.2675,0.2529,0.2156,0.000000,0.000000,-0.010935,0.000000,0
2023-01-30T00:00:00.000000000,1870,test,0.1690,0.2635,0.2666,0.2533,0.2165,0.000000,0.000000,-0.044669,0.000000,0
2023-02-06T00:00:00.000000000,1875,test,0.1689,0.2639,0.2657,0.2530,0.2174,0.000000,0.000000,-0.039813,0.000000,0
2023-02-13T00:00:00.000000000,1880,test,0.1689,0.2644,0.2659,0.2526,0.2171,0.000000,0.000000,-0.003770,0.000000,0
2023-02-20T00:00:00.000000000,1885,test,0.1689,0.2641,0.2647,0.2530,0.2182,0.000000,0.000000,-0.033634,0.000000,0
2023-02-27T00:00:00.000000000,1890,test,0.1688,0.2645,0.2651,0.2526,0.2177,0.000000,0.000000,-0.003834,0.000000,0
2023-03-06T00:00:00.000000000,1895,test,0.1688,0.2645,0.2655,0.2526,0.2174,0.000000,0.000000,0.002988,0.000000,0
2023-03-13T00:00:00.000000000,1899,test,0.1688,0.2650,0.2671,0.2521,0.2159,0.000000,0.000000,0.044829,0.000000,0
2023-03-20T00:00:00.000000000,1904,test,0.1688,0.2646,0.2683,0.2522,0.2149,0.000000,0.000000,0.036000,0.000000,0
2023-03-27T00:00:00.000000000,1909,test,0.1688,0.2653,0.2691,0.2517,0.2139,0.000000,0.000000,0.084751,0.000000,0
2023-04-03T00:00:00.000000000,1913,test,0.1690,0.2634,0.2662,0.2533,0.2172,0.000000,0.000000,-0.060407,0.000000,0
2023-04-10T00:00:00.000000000,1916,test,0.1690,0.2635,0.2653,0.2533,0.2179,0.000000,0.000000,-0.066163,0.000000,0
2023-04-17T00:00:00.000000000,1920,test,0.1686,0.2661,0.2673,0.2512,0.2153,0.000000,0.000000,0.114067,0.000000,0
2023-04-24T00:00:00.000000000,1925,test,0.1689,0.2643,0.2656,0.2527,0.2175,0.000000,0.000000,-0.014553,0.000000,0
2023-05-02T00:00:00.000000000,1930,test,0.1688,0.2645,0.2657,0.2525,0.2173,0.000000,0.000000,-0.002133,0.000000,0
2023-05-08T00:00:00.000000000,1934,test,0.1688,0.2648,0.2660,0.2523,0.2170,0.000000,0.000000,0.017242,0.000000,0
2023-05-15T00:00:00.000000000,1939,test,0.1688,0.2651,0.2663,0.2520,0.2165,0.000000,0.000000,0.042352,0.000000,0
2023-05-22T00:00:00.000000000,1944,test,0.1689,0.2648,0.2682,0.2521,0.2149,0.000000,0.000000,0.041885,0.000000,0
2023-05-29T00:00:00.000000000,1949,test,0.1689,0.2646,0.2681,0.2523,0.2150,0.000000,0.000000,0.032569,0.000000,0
2023-06-05T00:00:00.000000000,1954,test,0.1690,0.2640,0.2678,0.2528,0.2154,0.000000,0.000000,-0.008358,0.000000,0
2023-06-12T00:00:00.000000000,1959,test,0.1690,0.2643,0.2688,0.2525,0.2144,0.000000,0.000000,0.022776,0.000000,0
2023-06-19T00:00:00.000000000,1964,test,0.1690,0.2641,0.2686,0.2527,0.2146,0.000000,0.000000,0.007979,0.000000,0
2023-06-26T00:00:00.000000000,1969,test,0.1690,0.2639,0.2684,0.2528,0.2148,0.000000,0.000000,-0.005760,0.000000,0
2023-07-03T00:00:00.000000000,1973,test,0.1690,0.2639,0.2682,0.2528,0.2150,0.000000,0.000000,-0.004209,0.000000,0
2023-07-10T00:00:00.000000000,1978,test,0.1690,0.2640,0.2684,0.2528,0.2148,0.000000,0.000000,0.003303,0.000000,0
2023-07-17T00:00:00.000000000,1983,test,0.1690,0.2639,0.2683,0.2528,0.2150,0.000000,0.000000,-0.002857,0.000000,0
2023-07-24T00:00:00.000000000,1988,test,0.1690,0.2642,0.2685,0.2527,0.2147,0.000000,0.000000,0.013311,0.000000,0
2023-07-31T00:00:00.000000000,1993,test,0.1689,0.2647,0.2690,0.2522,0.2141,0.000000,0.000000,0.050507,0.000000,0
2023-08-07T00:00:00.000000000,1998,test,0.1691,0.2635,0.2675,0.2532,0.2158,0.000000,0.000000,-0.038974,0.000000,0
2023-08-14T00:00:00.000000000,2003,test,0.1690,0.2641,0.2678,0.2528,0.2153,0.000000,0.000000,-0.000353,0.000000,0
2023-08-21T00:00:00.000000000,2007,test,0.1690,0.2639,0.2673,0.2530,0.2159,0.000000,0.000000,-0.017344,0.000000,0
2023-08-28T00:00:00.000000000,2012,test,0.1689,0.2645,0.2677,0.2525,0.2153,0.000000,0.000000,0.024936,0.000000,0
2023-09-04T00:00:00.000000000,2017,test,0.1690,0.2640,0.2672,0.2529,0.2159,0.000000,0.000000,-0.012782,0.000000,0
2023-09-11T00:00:00.000000000,2022,test,0.1689,0.2646,0.2679,0.2524,0.2151,0.000000,0.000000,0.030493,0.000000,0
2023-09-18T00:00:00.000000000,2027,test,0.1690,0.2639,0.2681,0.2529,0.2151,0.000000,0.000000,-0.006934,0.000000,0
2023-09-25T00:00:00.000000000,2031,test,0.1690,0.2642,0.2688,0.2526,0.2144,0.000000,0.000000,0.016600,0.000000,0
2023-10-03T00:00:00.000000000,2036,test,0.1690,0.2638,0.2683,0.2530,0.2149,0.000000,0.000000,-0.013485,0.000000,0
2023-10-09T00:00:00.000000000,2040,test,0.1691,0.2636,0.2678,0.2531,0.2155,0.000000,0.000000,-0.026664,0.000000,0
2023-10-16T00:00:00.000000000,2045,test,0.1690,0.2640,0.2673,0.2529,0.2158,0.000000,0.000000,-0.011278,0.000000,0
2023-10-23T00:00:00.000000000,2050,test,0.1690,0.2640,0.2673,0.2529,0.2158,0.000000,0.000000,-0.010071,0.000000,0
2023-10-30T00:00:00.000000000,2054,test,0.1690,0.2634,0.2652,0.2535,0.2180,0.000000,0.000000,-0.067369,0.000000,0
2023-11-06T00:00:00.000000000,2059,test,0.1688,0.2648,0.2665,0.2523,0.2164,0.000000,0.000000,0.031009,0.000000,0
2023-11-13T00:00:00.000000000,2064,test,0.1688,0.2646,0.2664,0.2525,0.2166,0.000000,0.000000,0.016302,0.000000,0
2023-11-20T00:00:00.000000000,2068,test,0.1689,0.2645,0.2670,0.2525,0.2161,0.000000,0.000000,0.016707,0.000000,0
2023-11-28T00:00:00.000000000,2073,test,0.1689,0.2644,0.2671,0.2525,0.2159,0.000000,0.000000,0.014963,0.000000,0
2023-12-04T00:00:00.000000000,2077,test,0.1688,0.2647,0.2677,0.2523,0.2154,0.000000,0.000000,0.033532,0.000000,0
2023-12-11T00:00:00.000000000,2082,test,0.1690,0.2638,0.2684,0.2528,0.2151,0.000000,0.000000,-0.013478,0.000000,0
2023-12-18T00:00:00.000000000,2087,test,0.1690,0.2641,0.2687,0.2527,0.2146,0.000000,0.000000,0.008403,0.000000,0
2023-12-26T00:00:00.000000000,2092,test,0.1691,0.2637,0.2677,0.2531,0.2155,0.000000,0.000000,-0.026653,0.000000,0
2024-01-01T00:00:00.000000000,2096,test,0.1690,0.2641,0.2682,0.2527,0.2150,0.000000,0.000000,0.004363,0.000000,0
2024-01-08T00:00:00.000000000,2101,test,0.1690,0.2643,0.2684,0.2526,0.2148,0.000000,0.000000,0.016749,0.000000,0
2024-01-15T00:00:00.000000000,2106,test,0.1690,0.2640,0.2682,0.2528,0.2150,0.000000,0.000000,0.001865,0.000000,0
2024-01-23T00:00:00.000000000,2111,test,0.1690,0.2644,0.2686,0.2525,0.2145,0.000000,0.000000,0.025769,0.000000,0
2024-01-29T00:00:00.000000000,2114,test,0.1690,0.2644,0.2687,0.2524,0.2144,0.000000,0.000000,0.030640,0.000000,0
2024-02-05T00:00:00.000000000,2119,test,0.1690,0.2641,0.2687,0.2527,0.2146,0.000000,0.000000,0.009241,0.000000,0
2024-02-12T00:00:00.000000000,2124,test,0.1689,0.2647,0.2694,0.2522,0.2137,0.000000,0.000000,0.052558,0.000000,0
2024-02-19T00:00:00.000000000,2129,test,0.1690,0.2642,0.2686,0.2526,0.2146,0.000000,0.000000,0.014298,0.000000,0
2024-02-26T00:00:00.000000000,2134,test,0.1690,0.2640,0.2685,0.2527,0.2148,0.000000,0.000000,0.002910,0.000000,0
2024-03-04T00:00:00.000000000,2139,test,0.1690,0.2644,0.2688,0.2524,0.2144,0.000000,0.000000,0.027605,0.000000,0
2024-03-11T00:00:00.000000000,2143,test,0.1691,0.2637,0.2681,0.2530,0.2152,0.000000,0.000000,-0.022031,0.000000,0
2024-03-18T00:00:00.000000000,2148,test,0.1689,0.2640,0.2671,0.2528,0.2161,0.000000,0.000000,-0.015908,0.000000,0
2024-03-26T00:00:00.000000000,2153,test,0.1689,0.2640,0.2671,0.2528,0.2160,0.000000,0.000000,-0.012078,0.000000,0
2024-04-01T00:00:00.000000000,2156,test,0.1689,0.2641,0.2672,0.2528,0.2160,0.000000,0.000000,-0.009262,0.000000,0
2024-04-08T00:00:00.000000000,2161,test,0.1689,0.2643,0.2674,0.2526,0.2157,0.000000,0.000000,0.005689,0.000000,0
2024-04-15T00:00:00.000000000,2165,test,0.1688,0.2650,0.2680,0.2520,0.2150,0.000000,0.000000,0.054557,0.000000,0
2024-04-22T00:00:00.000000000,2169,test,0.1690,0.2638,0.2669,0.2530,0.2163,0.000000,0.000000,-0.031494,0.000000,0
2024-04-29T00:00:00.000000000,2174,test,0.1689,0.2647,0.2684,0.2521,0.2147,0.000000,0.000000,0.041521,0.000000,0
2024-05-06T00:00:00.000000000,2178,test,0.1690,0.2638,0.2675,0.2529,0.2158,0.000000,0.000000,-0.023734,0.000000,0
2024-05-13T00:00:00.000000000,2183,test,0.1690,0.2638,0.2676,0.2529,0.2157,0.000000,0.000000,-0.020715,0.000000,0
2024-05-21T00:00:00.000000000,2188,test,0.1690,0.2642,0.2679,0.2527,0.2153,0.000000,0.000000,0.002079,0.000000,0
2024-05-27T00:00:00.000000000,2192,test,0.1690,0.2641,0.2678,0.2527,0.2154,0.000000,0.000000,-0.002543,0.000000,0
2024-06-03T00:00:00.000000000,2197,test,0.1690,0.2638,0.2673,0.2530,0.2158,0.000000,0.000000,-0.020044,0.000000,0
2024-06-10T00:00:00.000000000,2202,test,0.1689,0.2643,0.2673,0.2526,0.2158,0.000000,0.000000,0.010437,0.000000,0
2024-06-18T00:00:00.000000000,2207,test,0.1689,0.2645,0.2681,0.2524,0.2150,0.000000,0.000000,0.027936,0.000000,0
2024-06-24T00:00:00.000000000,2211,test,0.1689,0.2641,0.2680,0.2527,0.2152,0.000000,0.000000,0.005202,0.000000,0
2024-07-01T00:00:00.000000000,2216,test,0.1690,0.2640,0.2679,0.2527,0.2153,0.000000,0.000000,-0.000609,0.000000,0
2024-07-08T00:00:00.000000000,2221,test,0.1690,0.2638,0.2679,0.2529,0.2154,0.000000,0.000000,-0.017510,0.000000,0
2024-07-15T00:00:00.000000000,2226,test,0.1689,0.2644,0.2687,0.2524,0.2145,0.000000,0.000000,0.026403,0.000000,0
2024-07-22T00:00:00.000000000,2230,test,0.1690,0.2638,0.2684,0.2528,0.2150,0.000000,0.000000,-0.008368,0.000000,0
2024-07-29T00:00:00.000000000,2235,test,0.1690,0.2639,0.2681,0.2529,0.2151,0.000000,0.000000,-0.005288,0.000000,0
2024-08-05T00:00:00.000000000,2240,test,0.1690,0.2639,0.2676,0.2529,0.2156,0.000000,0.000000,-0.015597,0.000000,0
2024-08-12T00:00:00.000000000,2245,test,0.1690,0.2641,0.2679,0.2527,0.2153,0.000000,0.000000,0.002324,0.000000,0
2024-08-19T00:00:00.000000000,2249,test,0.1690,0.2637,0.2671,0.2530,0.2161,0.000000,0.000000,-0.028862,0.000000,0
2024-08-26T00:00:00.000000000,2254,test,0.1689,0.2645,0.2679,0.2524,0.2152,0.000000,0.000000,0.027475,0.000000,0
2024-09-02T00:00:00.000000000,2259,test,0.1689,0.2643,0.2680,0.2525,0.2152,0.000000,0.000000,0.016156,0.000000,0
2024-09-09T00:00:00.000000000,2264,test,0.1689,0.2648,0.2684,0.2521,0.2146,0.000000,0.000000,0.048683,0.000000,0
2024-09-16T00:00:00.000000000,2269,test,0.1690,0.2644,0.2686,0.2525,0.2145,0.000000,0.000000,0.028153,0.000000,0
2024-09-23T00:00:00.000000000,2274,test,0.1690,0.2641,0.2684,0.2528,0.2147,0.000000,0.000000,0.005909,0.000000,0
2024-09-30T00:00:00.000000000,2279,test,0.1690,0.2641,0.2686,0.2527,0.2146,0.000000,0.000000,0.008441,0.000000,0
2024-10-07T00:00:00.000000000,2283,test,0.1691,0.2635,0.2673,0.2533,0.2159,0.000000,0.000000,-0.041466,0.000000,0
2024-10-14T00:00:00.000000000,2288,test,0.1690,0.2642,0.2669,0.2528,0.2161,0.000000,0.000000,-0.005129,0.000000,0
2024-10-21T00:00:00.000000000,2293,test,0.1690,0.2642,0.2670,0.2528,0.2160,0.000000,0.000000,-0.002317,0.000000,0
2024-10-28T00:00:00.000000000,2298,test,0.1690,0.2639,0.2660,0.2531,0.2170,0.000000,0.000000,-0.031546,0.000000,0
2024-11-04T00:00:00.000000000,2303,test,0.1689,0.2643,0.2659,0.2528,0.2170,0.000000,0.000000,-0.007785,0.000000,0
2024-11-11T00:00:00.000000000,2308,test,0.1689,0.2645,0.2667,0.2526,0.2162,0.000000,0.000000,0.012168,0.000000,0
2024-11-18T00:00:00.000000000,2312,test,0.1690,0.2637,0.2665,0.2531,0.2166,0.000000,0.000000,-0.033147,0.000000,0
2024-11-25T00:00:00.000000000,2316,test,0.1690,0.2637,0.2663,0.2532,0.2168,0.000000,0.000000,-0.041706,0.000000,0
2024-12-02T00:00:00.000000000,2321,test,0.1688,0.2652,0.2674,0.2520,0.2154,0.000000,0.000000,0.060918,0.000000,0
2024-12-09T00:00:00.000000000,2326,test,0.1689,0.2646,0.2673,0.2524,0.2157,0.000000,0.000000,0.022467,0.000000,0
2024-12-16T00:00:00.000000000,2331,test,0.1690,0.2643,0.2670,0.2527,0.2161,0.000000,0.000000,0.002183,0.000000,0
2024-12-23T00:00:00.000000000,2336,test,0.1690,0.2639,0.2665,0.2530,0.2165,0.000000,0.000000,-0.026120,0.000000,0
2024-12-30T00:00:00.000000000,2340,test,0.1690,0.2638,0.2673,0.2531,0.2159,0.000000,0.000000,-0.026796,0.000000,0
2025-01-06T00:00:00.000000000,2345,test,0.1689,0.2645,0.2676,0.2525,0.2153,0.000000,0.000000,0.023548,0.000000,0
2025-01-13T00:00:00.000000000,2350,test,0.1689,0.2646,0.2677,0.2524,0.2153,0.000000,0.000000,0.029222,0.000000,0
2025-01-20T00:00:00.000000000,2355,test,0.1689,0.2648,0.2679,0.2522,0.2150,0.000000,0.000000,0.045275,0.000000,0
2025-01-27T00:00:00.000000000,2360,test,0.1690,0.2641,0.2672,0.2528,0.2159,0.000000,0.000000,-0.005283,0.000000,0
2025-02-03T00:00:00.000000000,2366,test,0.1689,0.2643,0.2682,0.2525,0.2149,0.000000,0.000000,0.016765,0.000000,0
2025-02-10T00:00:00.000000000,2371,test,0.1689,0.2647,0.2685,0.2522,0.2146,0.000000,0.000000,0.038965,0.000000,0
2025-02-17T00:00:00.000000000,2376,test,0.1689,0.2646,0.2676,0.2523,0.2155,0.000000,0.000000,0.022167,0.000000,0
2025-02-24T00:00:00.000000000,2381,test,0.1690,0.2641,0.2671,0.2527,0.2160,0.000000,0.000000,-0.010042,0.000000,0
2025-03-03T00:00:00.000000000,2385,test,0.1689,0.2643,0.2674,0.2526,0.2157,0.000000,0.000000,0.006447,0.000000,0
2025-03-10T00:00:00.000000000,2390,test,0.1689,0.2642,0.2673,0.2526,0.2158,0.000000,0.000000,-0.000671,0.000000,0
2025-03-17T00:00:00.000000000,2394,test,0.1689,0.2644,0.2674,0.2525,0.2157,0.000000,0.000000,0.009176,0.000000,0
2025-03-24T00:00:00.000000000,2399,test,0.1689,0.2650,0.2681,0.2521,0.2149,0.000000,0.000000,0.052459,0.000000,0
2025-04-01T00:00:00.000000000,2404,test,0.1690,0.2640,0.2681,0.2527,0.2152,0.000000,0.000000,-0.001365,0.000000,0
2025-04-07T00:00:00.000000000,2408,test,0.1690,0.2641,0.2682,0.2527,0.2150,0.000000,0.000000,0.003645,0.000000,0
2025-04-15T00:00:00.000000000,2412,test,0.1689,0.2637,0.2666,0.2529,0.2167,0.000000,0.000000,-0.041791,0.000000,0
2025-04-21T00:00:00.000000000,2415,test,0.1688,0.2646,0.2676,0.2522,0.2156,0.000000,0.000000,0.023661,0.000000,0
2025-04-28T00:00:00.000000000,2420,test,0.1688,0.2644,0.2675,0.2523,0.2158,0.000000,0.000000,0.012778,0.000000,0
2025-05-05T00:00:00.000000000,2424,test,0.1688,0.2641,0.2671,0.2526,0.2162,0.000000,0.000000,-0.011308,0.000000,0
2025-05-12T00:00:00.000000000,2429,test,0.1688,0.2641,0.2671,0.2526,0.2162,0.000000,0.000000,-0.007835,0.000000,0
2025-05-19T00:00:00.000000000,2434,test,0.1687,0.2650,0.2680,0.2519,0.2152,0.000000,0.000000,0.049255,0.000000,0
2025-05-26T00:00:00.000000000,2439,test,0.1689,0.2638,0.2676,0.2527,0.2159,0.000000,0.000000,-0.026281,0.000000,0
2025-06-02T00:00:00.000000000,2444,test,0.1689,0.2641,0.2679,0.2526,0.2153,0.000000,0.000000,0.000221,0.000000,0
2025-06-09T00:00:00.000000000,2449,test,0.1689,0.2642,0.2681,0.2526,0.2152,0.000000,0.000000,0.004525,0.000000,0
2025-06-16T00:00:00.000000000,2454,test,0.1689,0.2643,0.2684,0.2524,0.2149,0.000000,0.000000,0.017479,0.000000,0
2025-06-23T00:00:00.000000000,2459,test,0.1690,0.2639,0.2680,0.2528,0.2154,0.000000,0.000000,-0.013732,0.000000,0
2025-06-30T00:00:00.000000000,2464,test,0.1689,0.2649,0.2686,0.2521,0.2144,0.000000,0.000000,0.055876,0.000000,0
2025-07-07T00:00:00.000000000,2469,test,0.1690,0.2643,0.2681,0.2525,0.2150,0.000000,0.000000,0.018582,0.000000,0
2025-07-14T00:00:00.000000000,2474,test,0.1690,0.2638,0.2675,0.2530,0.2157,0.000000,0.000000,-0.021921,0.000000,0
2025-07-21T00:00:00.000000000,2479,test,0.1690,0.2642,0.2679,0.2527,0.2152,0.000000,0.000000,0.005208,0.000000,0
2025-07-28T00:00:00.000000000,2484,test,0.1690,0.2640,0.2678,0.2528,0.2154,0.000000,0.000000,-0.005310,0.000000,0
2025-08-04T00:00:00.000000000,2489,test,0.1690,0.2638,0.2678,0.2530,0.2155,0.000000,0.000000,-0.017452,0.000000,0
2025-08-11T00:00:00.000000000,2494,test,0.1690,0.2640,0.2679,0.2528,0.2152,0.000000,0.000000,-0.003573,0.000000,0
2025-08-18T00:00:00.000000000,2498,test,0.1690,0.2641,0.2678,0.2527,0.2153,0.000000,0.000000,0.002244,0.000000,0
2025-08-25T00:00:00.000000000,2503,test,0.1690,0.2642,0.2679,0.2527,0.2152,0.000000,0.000000,0.008424,0.000000,0
2025-09-01T00:00:00.000000000,2507,test,0.1691,0.2635,0.2673,0.2532,0.2160,0.000000,0.000000,-0.038217,0.000000,0
2025-09-08T00:00:00.000000000,2512,test,0.1690,0.2642,0.2678,0.2527,0.2153,0.000000,0.000000,0.007027,0.000000,0
2025-09-15T00:00:00.000000000,2517,test,0.1689,0.2645,0.2682,0.2525,0.2149,0.000000,0.000000,0.026897,0.000000,0
2025-09-22T00:00:00.000000000,2522,test,0.1690,0.2643,0.2681,0.2526,0.2150,0.000000,0.000000,0.014845,0.000000,0
2025-09-29T00:00:00.000000000,2527,test,0.1691,0.2635,0.2675,0.2532,0.2158,0.000000,0.000000,-0.037185,0.000000,0
2025-10-06T00:00:00.000000000,2531,test,0.1690,0.2642,0.2680,0.2527,0.2151,0.000000,0.000000,0.010978,0.000000,0
2025-10-13T00:00:00.000000000,2536,test,0.1689,0.2645,0.2682,0.2524,0.2148,0.000000,0.000000,0.029388,0.000000,0
2025-10-20T00:00:00.000000000,2541,test,0.1690,0.2638,0.2675,0.2530,0.2157,0.000000,0.000000,-0.020562,0.000000,0
2025-10-27T00:00:00.000000000,2545,test,0.1690,0.2641,0.2678,0.2528,0.2153,0.000000,0.000000,-0.001156,0.000000,0
