step,actor_loss,critic_loss,actor_grad_norm,weight_mean,weight_std
2,0.000000,0.000000,0.0000,0.0000,0.0000
6,0.000000,0.000000,0.0000,0.0000,0.0000
10,0.000000,0.000000,0.0000,0.0000,0.0000
14,0.000000,0.000000,0.0000,0.0000,0.0000
19,0.000000,0.000000,0.0000,0.0000,0.0000
24,0.000000,0.000000,0.0000,0.0000,0.0000
28,0.000000,0.000000,0.0000,0.0000,0.0000
33,0.000000,0.000000,0.0000,0.0000,0.0000
38,0.000000,0.000000,0.0000,0.0000,0.0000
42,0.000000,0.000000,0.0000,0.0000,0.0000
47,0.000000,0.000000,0.0000,0.0000,0.0000
51,0.000000,0.000000,0.0000,0.0000,0.0000
56,0.000000,0.000000,0.0000,0.0000,0.0000
61,0.000000,0.000000,0.0000,0.0000,0.0000
66,0.000000,0.000000,0.0000,0.0000,0.0000
70,0.000000,0.000000,0.0000,0.0000,0.0000
75,0.000000,0.000000,0.0000,0.0000,0.0000
80,0.000000,0.000000,0.0000,0.0000,0.0000
85,0.000000,0.000000,0.0000,0.0000,0.0000
90,0.000000,0.000000,0.0000,0.0000,0.0000
94,0.000000,0.000000,0.0000,0.0000,0.0000
99,0.000000,0.000000,0.0000,0.0000,0.0000
104,0.000000,0.000000,0.0000,0.0000,0.0000
109,0.000000,0.000000,0.0000,0.0000,0.0000
114,0.000000,0.000000,0.0000,0.0000,0.0000
119,0.000000,0.000000,0.0000,0.0000,0.0000
123,0.000000,0.000000,0.0000,0.0000,0.0000
128,0.000000,0.000000,0.0000,0.0000,0.0000
131,0.000000,0.000000,0.0000,0.0000,0.0000
136,0.000000,0.000000,0.0000,0.0000,0.0000
141,0.000000,0.000000,0.0000,0.0000,0.0000
144,0.000000,0.000000,0.0000,0.0000,0.0000
148,0.000000,0.000000,0.0000,0.0000,0.0000
153,0.000000,0.000000,0.0000,0.0000,0.0000
158,0.000000,0.000000,0.0000,0.0000,0.0000
163,0.000000,0.000000,0.0000,0.0000,0.0000
168,0.000000,0.000000,0.0000,0.0000,0.0000
173,0.000000,0.000000,0.0000,0.0000,0.0000
178,0.000000,0.000000,0.0000,0.0000,0.0000
183,0.000000,0.000000,0.0000,0.0000,0.0000
188,0.000000,0.000000,0.0000,0.0000,0.0000
193,0.000000,0.000000,0.0000,0.0000,0.0000
198,0.000000,0.000000,0.0000,0.0000,0.0000
202,0.000000,0.000000,0.0000,0.0000,0.0000
207,0.000000,0.000000,0.0000,0.0000,0.0000
212,0.000000,0.000000,0.0000,0.0000,0.0000
217,0.000000,0.000000,0.0000,0.0000,0.0000
222,0.000000,0.000000,0.0000,0.0000,0.0000
227,0.000000,0.000000,0.0000,0.0000,0.0000
231,0.000000,0.000000,0.0000,0.0000,0.0000
236,0.000000,0.000000,0.0000,0.0000,0.0000
241,0.000000,0.000000,0.0000,0.0000,0.0000
245,0.000000,0.000000,0.0000,0.0000,0.0000
249,0.000000,0.000000,0.0000,0.0000,0.0000
254,0.000000,0.000000,0.0000,0.0000,0.0000
259,0.000000,0.000000,0.0000,0.0000,0.0000
264,0.000000,0.000000,0.0000,0.0000,0.0000
267,0.000000,0.000000,0.0000,0.0000,0.0000
272,0.000000,0.000000,0.0000,0.0000,0.0000
277,0.000000,0.000000,0.0000,0.0000,0.0000
281,0.000000,0.000000,0.0000,0.0000,0.0000
286,0.000000,0.000000,0.0000,0.0000,0.0000
290,0.000000,0.000000,0.0000,0.0000,0.0000
295,0.000000,0.000000,0.0000,0.0000,0.0000
300,0.000000,0.000000,0.0000,0.0000,0.0000
305,0.000000,0.000000,0.0000,0.0000,0.0000
310,0.000000,0.000000,0.0000,0.0000,0.0000
315,0.000000,0.000000,0.0000,0.0000,0.0000
320,0.000000,0.000000,0.0000,0.0000,0.0000
325,0.000000,0.000000,0.0000,0.0000,0.0000
330,0.000000,0.000000,0.0000,0.0000,0.0000
335,0.000000,0.000000,0.0000,0.0000,0.0000
339,0.000000,0.000000,0.0000,0.0000,0.0000
344,0.000000,0.000000,0.0000,0.0000,0.0000
349,0.000000,0.000000,0.0000,0.0000,0.0000
354,0.000000,0.000000,0.0000,0.0000,0.0000
358,0.000000,0.000000,0.0000,0.0000,0.0000
363,0.000000,0.000000,0.0000,0.0000,0.0000
368,0.000000,0.000000,0.0000,0.0000,0.0000
372,0.000000,0.000000,0.0000,0.0000,0.0000
377,0.000000,0.000000,0.0000,0.0000,0.0000
382,0.000000,0.000000,0.0000,0.0000,0.0000
386,0.000000,0.000000,0.0000,0.0000,0.0000
390,0.000000,0.000000,0.0000,0.0000,0.0000
395,0.000000,0.000000,0.0000,0.0000,0.0000
400,0.000000,0.000000,0.0000,0.0000,0.0000
404,0.000000,0.000000,0.0000,0.0000,0.0000
409,0.000000,0.000000,0.0000,0.0000,0.0000
414,0.000000,0.000000,0.0000,0.0000,0.0000
419,0.000000,0.000000,0.0000,0.0000,0.0000
424,0.000000,0.000000,0.0000,0.0000,0.0000
429,0.000000,0.000000,0.0000,0.0000,0.0000
434,0.000000,0.000000,0.0000,0.0000,0.0000
439,0.000000,0.000000,0.0000,0.0000,0.0000
443,0.000000,0.000000,0.0000,0.0000,0.0000
448,0.000000,0.000000,0.0000,0.0000,0.0000
453,0.000000,0.000000,0.0000,0.0000,0.0000
458,0.000000,0.000000,0.0000,0.0000,0.0000
463,0.000000,0.000000,0.0000,0.0000,0.0000
468,0.000000,0.000000,0.0000,0.0000,0.0000
473,0.000000,0.000000,0.0000,0.0000,0.0000
477,0.000000,0.000000,0.0000,0.0000,0.0000
481,0.000000,0.000000,0.0000,0.0000,0.0000
486,0.000000,0.000000,0.0000,0.0000,0.0000
491,0.000000,0.000000,0.0000,0.0000,0.0000
496,0.000000,0.000000,0.0000,0.0000,0.0000
501,0.000000,0.000000,0.0000,0.0000,0.0000
506,0.000000,0.000000,0.0000,0.0000,0.0000
510,0.000000,0.000000,0.0000,0.0000,0.0000
515,0.000000,0.000000,0.0000,0.0000,0.0000
519,0.000000,0.000000,0.0000,0.0000,0.0000
524,0.000000,0.000000,0.0000,0.0000,0.0000
529,0.000000,0.000000,0.0000,0.0000,0.0000
534,0.000000,0.000000,0.0000,0.0000,0.0000
539,0.000000,0.000000,0.0000,0.0000,0.0000
544,0.000000,0.000000,0.0000,0.0000,0.0000
549,0.000000,0.000000,0.0000,0.0000,0.0000
554,0.000000,0.000000,0.0000,0.0000,0.0000
559,0.000000,0.000000,0.0000,0.0000,0.0000
564,0.000000,0.000000,0.0000,0.0000,0.0000
568,0.000000,0.000000,0.0000,0.0000,0.0000
573,0.000000,0.000000,0.0000,0.0000,0.0000
578,0.000000,0.000000,0.0000,0.0000,0.0000
583,0.000000,0.000000,0.0000,0.0000,0.0000
587,0.000000,0.000000,0.0000,0.0000,0.0000
592,0.000000,0.000000,0.0000,0.0000,0.0000
597,0.000000,0.000000,0.0000,0.0000,0.0000
601,0.000000,0.000000,0.0000,0.0000,0.0000
